{"cameraMode":{"drawMode":2,"name":"Shaded Wireframe","section":"Shading Mode"},"sceneLighting":true,"audioPlay":false,"sceneViewState":{"showFog":true,"showMaterialUpdate":true,"showSkybox":true,"showFlares":true,"showImageEffects":true,"showParticleSystems":true},"in2DMode":false,"pivot":{"x":64.08073425292969,"y":-57.443756103515628,"z":80.76351928710938},"rotation":{"x":-0.3066326379776001,"y":0.4325842559337616,"z":-0.15928468108177186,"w":-0.8327522873878479},"size":289.74755859375,"orthographic":false}